language,algorithm,size,run,joules,kwh,carbon_intensity,gco2e,checksum
python,matrix_multiplication,mid,1,24.755739329880452,6.8765942583001254e-06,333.0,0.002289905888013942,646700
go,bfs,large,1,0.45456793994308103,1.262688722064114e-07,333.0,4.2047534444735e-05,5000
c,hash_table,small,1,0.008717940405767878,2.4216501127132993e-09,333.0,8.064094875335287e-07,64850
rust,summation,large,1,0.018100899789715186,5.02802771936533e-09,333.0,1.6743332305486548e-06,500000500000
go,hash_table,small,1,0.002460249816067517,6.834027266854213e-10,333.0,2.275731079862453e-07,64850
java,bfs,mid,1,0.02478055974061135,6.883488816836486e-09,333.0,2.29220177600655e-06,1000
java,merge_sort,large,1,0.9828076798701659,2.730021332972683e-07,333.0,9.090971038799034e-05,1000000
