language,algorithm,size,run,joules,kwh,carbon_intensity,gco2e,checksum
python,matrix_multiplication,mid,1,24.755739329880452,6.8765942583001254e-06,333.0,0.002289905888013942,646700
go,bfs,large,1,0.45456793994308103,1.262688722064114e-07,333.0,4.2047534444735e-05,5000
